classifier,mean_auc,std_auc,mean_acc,std_acc
LogisticRegression,0.8064736166272176,0.02714782752436122,0.7234421364985163,0.02891614887852779
RandomForest,0.7855736655456663,0.012219063666652872,0.7086053412462908,0.02118287038287802
KNN_k7,0.7240658535796857,0.016741767460574916,0.6747774480712165,0.012533360286019528
