classifier,mean_auc,std_auc,mean_acc,std_acc
LogisticRegression,0.8075892104720923,0.026936850784380337,0.7347181008902077,0.029709177473670818
RandomForest,0.7863588261607067,0.01613282066730561,0.7068249258160237,0.02428162913409946
KNN_k7,0.7240389848382367,0.020089877017099328,0.6718100890207716,0.017056507849495448
